time,error
10.0216,0.160259
10.0554,0.154437
10.0883,0.159940
10.1220,0.150772
10.1549,0.134086
10.1883,0.130175
10.2217,0.123633
10.2550,0.111161
10.2881,0.095658
10.3217,0.103187
10.3550,0.086078
10.3888,0.090766
10.4220,0.085595
10.4551,0.084563
10.4885,0.067905
10.5236,0.063890
10.5553,0.061427
10.5888,0.048478
10.6220,0.047439
10.6568,0.047329
10.6888,0.027807
10.7222,0.037290
10.7568,0.030557
10.7890,0.026262
10.8225,0.023276
10.8556,0.026705
10.8894,0.008462
10.9226,0.019254
10.9559,0.026079
10.9894,0.016631
11.0227,0.014901
11.0560,0.013107
11.0895,0.007592
11.1227,0.012198
11.1560,0.016852
11.1896,0.006595
11.2228,0.019858
11.2567,0.024518
11.2897,0.015111
11.3227,0.008839
11.3561,0.019291
11.3898,0.012604
11.4247,0.004025
11.4566,0.010804
11.4899,0.006364
11.5233,0.011910
11.5565,0.007283
11.5899,0.004013
11.6235,0.010164
11.6575,0.006385
11.6902,0.008758
11.7235,0.012580
11.7567,0.002610
11.7899,0.007856
11.8239,0.008170
11.8570,0.006169
11.8901,0.008633
11.9235,0.005886
11.9568,0.003113
11.9903,0.004134
12.0237,0.011635
12.0571,0.005148
12.0904,0.007385
12.1237,0.011521
12.1571,0.007082
12.1904,0.007979
12.2238,0.013224
12.2572,0.014471
12.2907,0.004499
12.3239,0.008075
12.3571,0.005085
12.3918,0.006891
12.4243,0.010676
12.4576,0.010973
12.4906,0.011154
12.5246,0.007701
12.5587,0.009772
12.5927,0.013019
12.6249,0.006089
12.6588,0.014964
12.6922,0.005713
12.7272,0.008330
12.7590,0.007024
12.7921,0.006882
12.8254,0.009656
12.8591,0.003913
12.8923,0.007831
12.9260,0.003831
12.9591,0.002179
12.9923,0.007927
13.0255,0.005070
13.0600,0.005375
13.0930,0.009285
13.1259,0.009124
13.1592,0.012983
13.1929,0.013538
13.2264,0.007520
13.2596,0.013656
13.2928,0.012666
13.3264,0.010503
13.3599,0.008861
13.3926,0.006443
13.4259,0.008089
13.4592,0.006487
13.4933,0.003254
13.5263,0.011655
13.5610,0.006442
13.5932,0.003172
13.6266,0.009346
13.6599,0.002488
13.6934,0.006029
13.7264,0.007467
13.7600,0.013157
13.7940,0.009294
13.8270,0.354662
13.8603,0.344650
13.8932,0.353846
13.9276,0.348020
13.9602,0.331394
13.9937,0.336739
14.0274,0.317808
14.0609,0.276404
14.0935,0.264728
14.1276,0.258452
14.1609,0.234239
14.1941,0.238195
14.2275,0.234358
14.2608,0.187265
14.2941,0.172301
14.3270,0.148469
14.3609,0.184806
14.3944,0.147709
14.4276,0.112508
14.4611,0.097226
14.4943,0.081287
14.5280,0.069981
14.5611,0.061198
14.5948,0.054803
14.6273,0.045981
14.6605,0.047608
14.6951,0.045264
14.7285,0.053656
14.7621,0.048889
14.7957,0.049350
14.8284,0.044004
14.8618,0.045321
14.8953,0.051540
14.9280,0.043276
14.9615,0.034738
14.9949,0.037894
15.0281,0.050154
15.0618,0.051776
15.0942,0.046135
15.1283,0.054941
15.1619,0.049591
15.1948,0.062469
15.2280,0.058292
15.2615,0.049609
15.2948,0.033110
15.3287,0.037191
15.3615,0.048456
15.3947,0.050403
15.4285,0.042342
15.4618,0.054405
15.4950,0.056913
15.5300,0.041895
15.5622,0.047304
15.5955,0.036500
15.6302,0.038873
15.6635,0.049695
15.6961,0.040200
15.7298,0.035575
15.7622,0.043802
15.7962,0.038442
15.8289,0.046031
15.8626,0.042160
15.8957,0.036604
15.9291,0.048842
15.9627,0.034670
15.9963,0.050071
16.0292,0.034051
16.0624,0.033652
16.0964,0.043017
16.1295,0.051018
16.1631,0.037008
16.1962,0.035027
16.2293,0.045242
16.2630,0.032757
16.2956,0.039960
16.3300,0.039503
16.3634,0.034122
16.3964,0.059908
16.4308,0.050710
16.4623,0.057480
16.4963,0.030176
16.5291,0.023728
16.5636,0.041538
16.5963,0.028574
16.6294,0.043307
16.6631,0.042771
16.6971,0.073811
16.7299,0.013539
16.7635,0.067450
16.7964,0.059299
16.8296,0.042497
16.8636,0.071200
16.8969,0.075512
16.9299,0.058810
16.9629,0.053208
16.9973,0.059764
17.0302,0.046727
17.0637,0.079592
17.0970,0.072298
17.1300,0.053092
17.1636,0.041990
17.1966,0.057117
17.2302,0.042075
17.2636,0.039167
17.2971,0.062803
17.3301,0.054664
17.3639,0.057258
17.3972,0.052627
17.4306,0.040899
17.4640,0.039771
17.4978,0.029872
17.5293,0.032456
17.5631,0.022178
17.5961,0.026625
17.6299,0.021166
17.6626,0.026047
17.6966,0.020761
17.7290,0.022283
17.7627,0.012175
17.7964,0.009316
17.8297,0.016072
17.8631,0.014570
17.8966,0.016518
17.9298,0.016158
17.9632,0.010594
17.9963,0.016125
18.0298,0.011715
18.0630,0.007589
18.0966,0.006576
18.1301,0.013384
18.1634,0.008247
18.1976,0.003416
18.2301,0.009298
18.2636,0.006945
18.2967,0.008509
18.3303,0.011214
18.3631,0.009500
18.3971,0.013709
18.4304,0.012750
18.4636,0.004583
18.4971,0.012196
18.5301,0.004382
18.5633,0.003923
18.5967,0.003348
18.6300,0.008137
18.6630,0.003365
18.6965,0.008221
18.7298,0.006917
18.7632,0.008643
18.7964,0.009103
18.8300,0.005622
18.8636,0.008525
18.8967,0.008098
18.9298,0.009272
18.9633,0.012353
18.9967,0.012261
19.0302,0.005830
19.0637,0.014325
19.0976,0.005808
19.1307,0.007593
19.1642,0.009615
19.1977,0.004142
19.2308,0.011065
19.2643,0.012905
19.2975,0.008382
19.3307,0.010798
19.3642,0.008834
19.3977,0.017690
19.4310,0.004970
19.4644,0.006783
19.4978,0.010299
19.5308,0.006685
19.5644,0.018823
19.5977,0.006038
19.6312,0.013337
19.6645,0.006041
19.6984,0.006715
19.7311,0.007148
19.7651,0.007903
19.7978,0.004093
19.8309,0.009665
19.8645,0.001540
19.8978,0.011582
19.9313,0.006159
19.9645,0.006393
19.9981,0.013100
20.0313,0.011227
20.0646,0.002612
20.0981,0.008379
20.1313,0.005017
20.1660,0.279600
20.1981,0.287695
20.2317,0.294591
20.2650,0.283073
20.2982,0.282341
20.3315,0.270473
20.3649,0.247479
20.3983,0.234275
20.4318,0.239700
20.4650,0.213468
20.4988,0.203470
20.5315,0.176522
20.5651,0.175929
20.5984,0.165295
20.6314,0.153457
20.6650,0.141219
20.6984,0.118074
20.7317,0.119652
20.7649,0.090983
20.7982,0.086396
20.8316,0.082326
20.8648,0.084937
20.8983,0.065375
20.9318,0.056250
20.9651,0.049502
20.9985,0.051515
21.0318,0.047028
21.0650,0.045330
21.0987,0.036124
21.1320,0.029934
21.1653,0.028091
21.1987,0.024110
21.2319,0.022733
21.2656,0.026007
21.2994,0.019103
21.3326,0.016478
21.3661,0.023340
21.3993,0.016720
21.4328,0.016517
21.4661,0.014123
21.4998,0.012963
21.5328,0.015211
21.5663,0.011466
21.5999,0.006725
21.6332,0.004829
21.6662,0.004967
21.6998,0.006039
21.7334,0.011750
21.7665,0.009443
21.7998,0.010573
21.8335,0.007970
21.8668,0.010755
21.9003,0.006286
21.9334,0.006690
21.9669,0.009492
22.0000,0.002618
22.0335,0.013697
22.0669,0.007481
22.1003,0.013276
22.1336,0.010607
22.1669,0.010926
22.2005,0.010159
22.2337,0.012632
22.2671,0.004997
22.3004,0.012468
22.3339,0.012821
22.3672,0.007958
22.4003,0.009363
22.4339,0.009220
22.4674,0.008984
22.5007,0.010107
22.5339,0.008914
22.5677,0.007615
22.6003,0.013594
22.6340,0.007582
22.6673,0.012299
22.7008,0.005091
22.7342,0.006358
22.7674,0.007574
22.8009,0.006522
22.8345,0.006554
22.8671,0.002013
22.9011,0.004414
22.9342,0.008178
22.9677,0.004973
23.0014,0.008811
23.0348,0.008541
23.0677,0.007287
23.1016,0.005448
23.1348,0.004231
23.1679,0.007077
23.2018,0.003697
23.2347,0.004216
23.2684,0.009161
23.3017,0.005384
23.3349,0.010718
23.3685,0.008122
23.4018,0.008770
23.4352,0.014888
23.4688,0.010624
23.5025,0.004020
23.5352,0.003787
23.5687,0.010694
23.6021,0.007015
23.6358,0.008265
23.6690,0.009986
23.7025,0.004819
23.7357,0.004871
23.7689,0.010139
23.8021,0.010039
23.8357,0.003797
23.8689,0.004208
23.9021,0.006439
23.9359,0.008733
23.9691,0.003899
24.0022,0.011914
24.0354,0.012947
24.0688,0.007072
24.1023,0.007010
24.1359,0.012373
24.1690,0.012471
24.2024,0.016084
24.2362,0.008392
24.2691,0.011208
24.3024,0.011740
24.3359,0.007964
24.3693,0.295486
24.4029,0.338455
24.4365,0.336926
24.4696,0.327958
24.5029,0.312246
24.5364,0.294310
24.5698,0.329162
24.6030,0.263297
24.6366,0.246376
24.6701,0.241574
24.7033,0.270390
24.7367,0.257188
24.7700,0.234413
24.8037,0.215351
24.8369,0.234182
24.8701,0.191752
24.9032,0.167642
24.9370,0.114468
24.9702,0.123501
25.0038,0.095569
25.0368,0.085421
25.0703,0.076980
25.1036,0.070555
25.1370,0.059520
25.1703,0.070497
25.2036,0.053346
25.2373,0.059132
25.2706,0.055886
25.3039,0.058110
25.3372,0.044648
25.3707,0.054907
25.4040,0.052581
25.4373,0.059301
25.4705,0.041764
25.5040,0.053442
25.5375,0.037797
25.5710,0.043438
25.6042,0.054073
25.6375,0.055233
25.6706,0.049434
25.7043,0.059315
25.7376,0.041372
25.7711,0.037803
25.8044,0.044827
25.8379,0.052879
25.8713,0.050995
25.9049,0.058429
25.9381,0.043923
25.9713,0.057024
26.0048,0.051395
26.0380,0.043332
26.0717,0.031897
26.1048,0.041360
26.1381,0.035983
26.1713,0.040797
26.2047,0.046079
26.2376,0.039190
26.2708,0.035720
26.3050,0.048356
26.3384,0.052380
26.3716,0.049311
26.4051,0.050796
26.4381,0.049094
26.4717,0.053582
26.5050,0.046895
26.5382,0.059796
26.5716,0.064606
26.6051,0.044982
26.6385,0.053455
26.6718,0.037537
26.7052,0.037746
26.7386,0.030761
26.7721,0.131237
26.8050,0.120997
26.8391,0.136178
26.8721,0.126286
26.9054,0.124286
26.9387,0.121728
26.9723,0.104638
27.0057,0.094955
27.0389,0.093105
27.0723,0.087063
27.1057,0.066039
27.1389,0.075089
27.1724,0.051713
27.2057,0.052976
27.2389,0.049769
27.2723,0.046991
27.3058,0.035926
27.3392,0.026849
27.3724,0.028990
27.4058,0.049441
27.4390,0.023209
27.4723,0.031297
27.5058,0.018504
27.5394,0.020919
27.5728,0.023697
27.6062,0.006880
27.6396,0.024747
27.6730,0.015497
27.7063,0.020605
27.7397,0.018786
27.7729,0.009819
27.8062,0.013095
27.8396,0.011287
27.8731,0.004648
27.9065,0.011407
27.9400,0.009560
27.9743,0.007437
28.0064,0.008453
28.0399,0.068811
28.0735,0.056851
28.1078,0.060711
28.1399,0.059373
28.1731,0.067193
28.2082,0.062783
28.2412,0.056182
28.2729,0.049615
28.3066,0.045431
28.3415,0.048775
28.3747,0.056547
28.4083,0.050737
28.4420,0.064695
28.4746,0.050154
28.5076,0.064472
28.5399,0.057490
28.5730,0.059949
28.6063,0.057865
28.6398,0.044996
28.6736,0.059592
28.7068,0.060469
28.7407,0.059874
28.7754,0.066636
28.8078,0.094080
28.8422,0.084225
28.8740,0.074570
28.9072,0.059944
28.9407,0.057861
28.9741,0.075748
29.0081,0.064326
29.0422,0.076000
29.0765,0.082841
29.1085,0.080587
29.1423,0.069801
29.1748,0.067324
29.2072,0.076870
29.2416,0.072551
29.2739,0.081057
29.3074,0.092189
29.3409,0.081673
29.3758,0.090510
29.4087,0.082514
29.4424,0.086778
29.4757,0.072951
29.5095,0.074905
29.5435,0.057021
29.5771,0.050969
29.6101,0.036358
29.6427,0.027877
29.6758,0.035637
29.7091,0.063448
29.7431,0.034415
29.7759,0.040486
29.8091,0.044272
29.8426,0.045443
29.8758,0.041785
29.9092,0.072704
29.9429,0.046351
29.9766,0.039496
30.0101,0.057154
30.0432,0.067686
30.0766,0.072241
30.1098,0.062682
30.1431,0.082344
30.1764,0.057336
30.2090,0.051558
30.2434,0.062891
30.2766,0.054788
30.3098,0.041816
30.3446,0.046622
30.3775,0.048887
30.4097,0.033737
30.4436,0.031258
30.4767,0.028424
30.5096,0.026347
30.5436,0.016075
30.5779,0.017901
30.6103,0.027339
30.6438,0.027571
30.6785,0.012671
30.7102,0.015079
30.7438,0.007254
30.7770,0.012833
30.8107,0.007877
30.8441,0.013994
30.8769,0.005279
30.9100,0.011918
30.9445,0.009166
30.9773,0.013356
31.0106,0.014085
31.0439,0.013372
31.0771,0.011909
31.1111,0.013793
31.1446,0.007475
31.1781,0.009694
31.2110,0.005044
31.2446,0.015242
31.2777,0.010517
31.3112,0.005918
31.3444,0.008284
31.3770,0.005734
31.4099,0.003397
31.4436,0.008340
31.4771,0.004828
31.5099,0.007000
31.5437,0.010030
31.5767,0.003995
31.6097,0.006198
31.6433,0.008999
31.6767,0.015907
31.7105,0.009069
31.7450,0.018596
31.7772,0.004066
31.8100,0.005247
31.8434,0.011807
31.8767,0.005212
31.9101,0.007899
31.9435,0.015782
31.9768,0.005236
32.0110,0.010778
32.0436,0.008437
32.0768,0.007746
32.1106,0.001169
32.1451,0.004541
32.1770,0.011131
32.2104,0.002314
32.2439,0.005887
32.2769,0.007398
32.3106,0.009105
32.3437,0.003795
32.3772,0.013053
32.4105,0.008860
32.4439,0.006211
32.4775,0.006072
32.5105,0.007334
32.5441,0.006791
32.5775,0.002451
32.6104,0.009416
32.6441,0.003100
32.6777,0.009399
32.7109,0.008725
32.7447,0.005034
32.7777,0.007795
32.8113,0.007201
32.8443,0.012504
32.8769,0.006703
32.9109,0.006045
32.9441,0.012463
32.9776,0.009704
33.0109,0.010033
33.0444,0.003543
33.0777,0.011543
33.1109,0.001305
33.1444,0.007574
33.1777,0.010925
33.2112,0.005757
33.2442,0.009994
33.2779,0.010508
33.3112,0.015934
33.3447,0.411219
33.3780,0.409305
33.4113,0.414037
33.4448,0.397193
33.4779,0.398837
33.5113,0.382619
33.5449,0.368220
33.5781,0.347319
33.6116,0.325658
33.6447,0.306347
33.6784,0.286868
33.7117,0.265735
33.7450,0.239617
33.7780,0.219648
33.8119,0.191185
33.8452,0.170930
33.8791,0.141364
33.9120,0.127332
33.9458,0.120695
33.9791,0.117160
34.0127,0.099354
34.0459,0.088142
34.0794,0.089103
34.1129,0.067911
34.1460,0.073512
34.1794,0.053811
34.2129,0.062437
34.2460,0.065430
34.2796,0.061878
34.3128,0.062970
34.3464,0.060487
34.3794,0.042180
34.4128,0.064456
34.4461,0.064276
34.4800,0.067571
34.5131,0.069706
34.5462,0.080883
34.5798,0.068823
34.6129,0.069330
34.6462,0.073450
34.6800,0.073849
34.7131,0.055906
34.7466,0.078823
34.7800,0.073266
34.8132,0.064125
34.8467,0.069743
34.8802,0.061764
34.9133,0.065978
34.9467,0.056218
34.9800,0.063149
35.0136,0.044116
35.0464,0.048397
35.0798,0.051027
35.1133,0.045694
35.1468,0.041703
35.1802,0.039509
35.2136,0.034422
35.2469,0.034879
35.2803,0.015660
35.3140,0.010793
35.3466,0.028871
35.3804,0.029686
35.4136,0.016328
35.4475,0.027432
35.4804,0.029771
35.5156,0.013369
35.5474,0.013442
35.5808,0.012940
35.6141,0.009807
35.6474,0.010079
35.6811,0.011406
35.7144,0.003959
35.7473,0.009522
35.7809,0.004867
35.8143,0.010604
35.8476,0.009129
35.8810,0.014317
35.9150,0.012500
35.9478,0.007185
35.9812,0.012061
36.0148,0.012294
36.0480,0.010122
36.0812,0.013193
36.1143,0.009124
36.1479,0.005520
36.1811,0.007981
36.2149,0.007121
36.2483,0.005148
36.2815,0.003204
36.3148,0.011114
36.3483,0.002904
36.3814,0.011745
36.4147,0.001977
36.4488,0.010302
36.4813,0.005403
36.5150,0.005681
36.5483,0.005323
36.5816,0.009037
36.6151,0.015520
36.6481,0.007758
36.6821,0.013744
36.7161,0.008243
36.7484,0.321818
36.7820,0.312697
36.8152,0.332543
36.8488,0.330834
36.8822,0.322658
36.9154,0.316259
36.9488,0.302335
36.9823,0.301852
37.0155,0.287485
37.0486,0.254539
37.0820,0.238639
37.1156,0.234355
37.1489,0.214206
37.1821,0.192387
37.2158,0.181065
37.2492,0.160895
37.2826,0.144429
37.3159,0.125512
37.3494,0.111281
37.3825,0.108124
37.4163,0.099225
37.4489,0.091355
37.4840,0.078244
37.5157,0.064751
37.5494,0.060122
37.5829,0.058178
37.6163,0.054397
37.6493,0.050273
37.6830,0.027182
37.7160,0.038831
37.7501,0.043949
37.7831,0.030840
37.8178,0.031187
37.8499,0.030180
37.8829,0.020473
37.9164,0.017600
37.9500,0.020590
37.9830,0.015853
38.0169,0.026577
38.0509,0.020341
38.0833,0.010108
38.1168,0.008197
38.1506,0.016443
38.1838,0.017594
38.2180,0.015328
38.2511,0.013229
38.2836,0.011534
38.3166,0.006343
38.3499,0.002420
38.3835,0.102095
38.4170,0.087786
38.4504,0.091265
38.4839,0.086486
38.5168,0.084355
38.5505,0.080732
38.5837,0.065920
38.6171,0.072638
38.6506,0.074505
38.6840,0.069788
38.7180,0.066550
38.7507,0.055769
38.7840,0.051712
38.8174,0.060235
38.8507,0.059082
38.8840,0.054804
38.9177,0.064277
38.9508,0.061924
38.9843,0.074877
39.0179,0.070469
39.0510,0.070701
39.0843,0.073391
39.1178,0.072827
39.1512,0.063363
39.1840,0.057003
39.2179,0.067030
39.2513,0.084982
39.2846,0.079232
39.3179,0.076962
39.3513,0.069975
39.3847,0.072058
39.4182,0.072926
39.4514,0.076143
39.4848,0.063050
39.5181,0.063324
39.5516,0.055968
39.5862,0.070483
39.6184,0.081208
39.6518,0.095512
39.6849,0.084964
39.7188,0.105289
39.7516,0.099707
39.7850,0.075068
39.8186,0.074950
39.8518,0.081761
39.8852,0.082129
39.9185,0.071248
39.9519,0.044884
39.9855,0.059621
40.0188,0.066089
40.0520,0.050966
40.0853,0.056656
40.1185,0.034762
40.1519,0.028690
40.1856,0.046687
40.2187,0.031508
40.2521,0.053977
40.2852,0.046547
40.3194,0.044934
40.3526,0.052760
40.3859,0.062485
40.4188,0.056019
40.4523,0.060459
40.4857,0.037257
40.5191,0.067901
40.5526,0.071356
40.5857,0.069964
40.6191,0.078577
40.6527,0.056615
40.6858,0.052787
40.7188,0.050434
40.7528,0.056248
40.7855,0.048865
40.8196,0.050096
40.8527,0.041605
40.8863,0.039970
40.9196,0.027188
40.9528,0.021808
40.9862,0.021389
41.0196,0.028942
41.0530,0.016960
41.0863,0.027154
41.1196,0.017864
41.1532,0.021799
41.1866,0.021562
41.2198,0.011998
41.2533,0.006691
41.2867,0.006904
41.3199,0.015660
41.3535,0.011648
41.3866,0.015349
41.4201,0.010783
41.4533,0.007669
41.4880,0.005571
41.5199,0.006898
41.5532,0.003889
41.5868,0.014178
41.6207,0.009981
41.6532,0.009975
41.6862,0.006605
41.7198,0.011467
41.7533,0.015621
41.7865,0.003909
41.8199,0.007085
41.8540,0.013231
41.8865,0.010821
41.9199,0.008480
41.9534,0.004261
41.9872,0.003578
42.0204,0.009787
42.0551,0.009840
42.0867,0.008461
42.1200,0.010408
42.1533,0.006015
42.1869,0.004520
42.2203,0.005582
42.2551,0.005388
42.2872,0.007588
42.3208,0.011369
42.3543,0.008516
42.3871,0.004485
42.4223,0.004359
42.4539,0.004656
42.4875,0.006974
42.5208,0.001988
42.5542,0.008068
42.5892,0.011105
42.6207,0.011359
42.6539,0.007586
42.6877,0.006966
42.7212,0.006050
42.7543,0.009821
42.7881,0.006792
42.8211,0.009128
42.8555,0.015916
42.8897,0.009352
42.9226,0.004924
42.9561,0.008162
42.9897,0.008364
43.0223,0.004550
43.0559,0.008970
43.0887,0.013819
43.1227,0.013869
43.1561,0.007831
43.1892,0.010969
43.2226,0.011050
43.2562,0.004217
43.2901,0.005649
43.3229,0.009788
43.3559,0.003335
43.3900,0.003301
43.4236,0.012221
43.4565,0.006062
43.4898,0.007835
43.5232,0.009983
43.5568,0.010270
43.5897,0.005238
43.6242,0.008107
43.6577,0.008358
43.6901,0.005445
43.7237,0.011436
43.7572,0.009709
43.7907,0.006577
43.8249,0.421731
43.8578,0.407782
43.8901,0.416396
43.9238,0.411878
43.9562,0.394450
43.9896,0.383300
44.0239,0.369950
44.0576,0.349703
44.0902,0.332875
44.1235,0.309867
44.1570,0.285509
44.1905,0.262799
44.2245,0.235833
44.2570,0.214019
44.2908,0.177868
44.3247,0.161102
44.3588,0.157163
44.3908,0.133062
44.4253,0.124063
44.4578,0.116336
44.4907,0.092147
44.5255,0.087951
44.5584,0.086141
44.5907,0.070857
44.6256,0.064323
44.6586,0.051606
44.6910,0.048960
44.7251,0.042028
44.7576,0.045163
44.7916,0.037741
44.8248,0.033968
44.8578,0.027602
44.8911,0.022323
44.9245,0.031205
44.9577,0.018064
44.9904,0.016349
45.0239,0.020428
45.0574,0.020993
45.0905,0.019617
45.1244,0.023177
45.1574,0.006337
45.1908,0.016658
45.2233,0.017406
45.2569,0.005131
45.2906,0.009840
45.3239,0.009977
45.3575,0.004339
45.3909,0.004820
45.4239,0.010390
45.4575,0.009012
45.4910,0.010068
45.5241,0.006148
45.5573,0.003761
45.5906,0.010091
45.6246,0.007596
45.6578,0.009074
45.6910,0.018491
45.7246,0.005422
45.7577,0.014128
45.7913,0.004787
45.8241,0.005645
45.8579,0.006745
45.8911,0.013449
45.9244,0.006985
45.9579,0.001560
45.9916,0.007869
46.0247,0.015578
46.0582,0.007440
46.0914,0.010716
46.1247,0.008828
46.1584,0.002506
46.1919,0.016159
46.2250,0.011873
46.2581,0.007586
46.2917,0.012741
46.3250,0.007878
46.3582,0.011255
46.3918,0.011204
46.4250,0.004609
46.4583,0.009463
46.4917,0.004465
46.5250,0.007802
46.5583,0.011147
46.5920,0.012430
46.6245,0.003695
46.6585,0.011303
46.6918,0.008728
46.7254,0.007631
46.7586,0.005402
46.7923,0.007575
46.8251,0.005486
46.8588,0.008027
46.8921,0.008080
46.9255,0.227006
46.9589,0.236744
46.9922,0.228568
47.0253,0.223768
47.0590,0.217449
47.0922,0.219297
47.1256,0.207749
47.1589,0.193261
47.1923,0.184849
47.2257,0.169907
47.2591,0.172730
47.2923,0.160476
47.3259,0.143097
47.3591,0.143315
47.3925,0.112448
47.4258,0.114916
47.4593,0.120135
47.4929,0.118643
47.5261,0.106651
47.5590,0.087612
47.5929,0.086458
47.6263,0.081886
47.6595,0.069846
47.6930,0.055925
47.7265,0.054165
47.7594,0.048280
47.7930,0.041515
47.8257,0.047122
47.8595,0.031806
47.8931,0.024955
47.9262,0.028160
47.9597,0.032659
47.9929,0.022469
48.0263,0.021448
48.0598,0.021934
48.0931,0.022972
48.1265,0.020661
48.1597,0.018796
48.1931,0.019597
48.2265,0.022603
48.2598,0.014319
48.2931,0.006192
48.3267,0.017263
48.3598,0.009297
48.3935,0.008077
48.4267,0.018247
48.4606,0.009238
48.4934,0.004421
48.5267,0.011855
48.5599,0.006263
48.5935,0.005450
48.6267,0.008869
48.6596,0.008576
48.6928,0.002783
48.7272,0.003302
48.7604,0.006961
48.7937,0.005867
48.8274,0.007327
48.8616,0.008426
48.8938,0.009688
48.9268,0.005899
48.9602,0.009194
48.9938,0.093976
49.0273,0.088492
49.0608,0.090035
49.0943,0.090013
49.1275,0.094803
49.1608,0.084228
49.1957,0.080288
49.2277,0.077014
49.2611,0.063704
49.2941,0.059073
49.3278,0.057234
49.3609,0.053457
49.3943,0.060744
49.4280,0.067507
49.4610,0.063842
49.4948,0.068821
49.5280,0.075806
49.5613,0.074168
49.5947,0.065778
49.6282,0.069549
49.6612,0.058210
49.6948,0.066524
49.7280,0.054136
49.7613,0.072207
49.7947,0.067742
49.8283,0.080852
49.8616,0.069184
49.8950,0.068826
49.9283,0.067131
49.9617,0.073515
49.9950,0.069627
50.0286,0.069888
50.0618,0.062358
50.0952,0.091105
50.1287,0.092524
50.1620,0.098270
50.1953,0.074401
50.2287,0.069740
50.2617,0.071562
50.2953,0.076374
50.3292,0.070678
50.3628,0.069200
50.3953,0.049317
50.4288,0.047741
50.4632,0.063355
50.4957,0.060478
50.5285,0.058742
50.5618,0.055933
50.5951,0.045504
50.6285,0.057895
50.6618,0.046740
50.6956,0.037482
50.7292,0.053211
50.7631,0.050282
50.7960,0.039452
50.8290,0.040390
50.8627,0.037459
50.8960,0.042886
50.9294,0.055614
50.9626,0.041371
50.9961,0.075467
51.0298,0.074112
51.0639,0.093763
51.0956,0.086648
51.1298,0.064688
51.1628,0.058521
51.1961,0.067260
51.2298,0.059472
51.2647,0.066370
51.2972,0.063394
51.3298,0.050276
51.3630,0.049823
51.3963,0.047416
51.4297,0.046461
51.4631,0.034532
51.4965,0.032489
51.5300,0.029178
51.5633,0.029059
51.5969,0.025207
51.6302,0.023915
51.6635,0.024443
51.6969,0.019661
51.7300,0.021093
51.7637,0.013488
51.7972,0.022488
51.8303,0.008749
51.8636,0.008276
51.8970,0.013443
51.9303,0.012773
51.9638,0.010055
51.9970,0.016667
52.0307,0.014788
52.0642,0.005718
52.0968,0.018982
52.1306,0.007504
52.1633,0.007864
52.1964,0.005931
52.2304,0.007559
52.2651,0.007900
52.2983,0.016636
52.3308,0.006619
52.3642,0.005026
52.3988,0.005321
52.4309,0.011279
52.4644,0.001414
52.4981,0.012984
52.5312,0.013013
52.5648,0.006698
52.5977,0.008170
52.6312,0.004620
52.6645,0.008982
52.6974,0.008111
52.7330,0.013706
52.7645,0.004613
52.7975,0.008101
52.8311,0.006324
52.8644,0.009317
52.8998,0.011306
52.9313,0.010407
52.9648,0.006728
52.9981,0.008075
53.0314,0.005135
53.0647,0.010499
53.0982,0.016868
53.1318,0.007328
53.1651,0.008493
53.1985,0.002105
53.2319,0.003024
53.2651,0.013148
53.2986,0.014056
53.3314,0.003696
53.3648,0.010412
53.3987,0.006274
53.4334,0.008767
53.4653,0.016845
53.4984,0.011206
53.5318,0.005482
53.5652,0.009569
53.5987,0.008914
53.6320,0.010143
53.6656,0.005409
53.6986,0.009189
53.7324,0.012285
53.7657,0.012579
53.7992,0.003105
53.8321,0.008827
53.8659,0.009613
53.8985,0.007555
53.9325,0.003906
53.9658,0.008403
53.9990,0.003625
54.0324,0.008112
54.0660,0.007948
54.0993,0.005550
54.1340,0.009243
54.1659,0.006028
54.1995,0.003745
54.2328,0.011999
54.2663,0.007937
54.2996,0.414631
54.3330,0.422963
54.3660,0.418091
54.3997,0.411448
54.4331,0.400236
54.4663,0.383064
54.4998,0.368597
54.5327,0.357276
54.5675,0.323795
54.5997,0.313597
54.6332,0.291280
54.6665,0.270230
54.6991,0.239376
54.7332,0.207078
54.7668,0.188683
54.8001,0.157989
54.8337,0.139234
54.8669,0.132558
54.9002,0.126596
54.9332,0.108307
54.9684,0.100813
55.0002,0.088123
55.0335,0.079464
55.0669,0.068785
55.1005,0.065789
55.1350,0.069026
55.1670,0.066572
55.2004,0.059677
55.2339,0.067020
55.2673,0.066904
55.2999,0.064186
55.3350,0.059138
55.3672,0.066624
55.4004,0.059078
55.4339,0.050924
55.4673,0.080873
55.5009,0.061647
55.5341,0.079475
55.5672,0.062784
55.6006,0.068606
55.6339,0.052554
55.6681,0.080613
55.7001,0.067492
55.7357,0.072778
55.7694,0.077150
55.8023,0.063630
55.8341,0.060764
55.8681,0.067167
55.9010,0.059622
55.9360,0.051275
55.9691,0.058470
56.0014,0.055604
56.0348,0.056832
56.0681,0.051598
56.1018,0.044294
56.1350,0.037886
56.1682,0.036540
56.2016,0.034023
56.2353,0.028270
56.2691,0.029831
56.3025,0.023647
56.3360,0.022355
56.3698,0.020069
56.4031,0.015520
56.4364,0.019992
56.4699,0.015439
56.5030,0.017919
56.5363,0.021507
56.5695,0.014104
56.6031,0.007638
56.6366,0.009329
56.6697,0.011739
56.7031,0.003413
56.7361,0.010712
56.7695,0.010441
56.8047,0.012276
56.8365,0.016711
56.8699,0.006300
56.9031,0.014193
56.9366,0.004697
56.9700,0.011125
57.0033,0.006373
57.0370,0.009712
57.0705,0.006702
57.1033,0.009914
57.1367,0.014361
57.1703,0.005432
57.2041,0.009390
57.2368,0.005120
57.2707,0.013391
57.3041,0.012940
57.3369,0.010563
57.3700,0.009495
57.4038,0.008510
57.4371,0.008520
57.4713,0.003891
57.5041,0.012273
57.5370,0.015612
57.5707,0.004542
57.6042,0.011827
57.6374,0.314678
57.6709,0.315852
57.7041,0.321310
57.7371,0.316796
57.7706,0.312335
57.8040,0.304342
57.8378,0.307843
57.8711,0.301481
57.9042,0.287768
57.9373,0.262728
57.9708,0.240243
58.0046,0.240356
58.0373,0.220118
58.0706,0.205865
58.1040,0.187448
58.1377,0.160047
58.1708,0.146145
58.2042,0.133942
58.2384,0.117196
58.2710,0.104693
58.3046,0.113502
58.3392,0.095089
58.3726,0.086349
58.4061,0.077161
58.4391,0.066305
58.4720,0.055433
58.5049,0.054877
58.5395,0.060386
58.5720,0.047357
58.6061,0.036289
58.6396,0.037199
58.6724,0.030884
58.7060,0.032935
58.7386,0.030264
58.7723,0.026213
58.8052,0.031811
58.8386,0.020186
58.8717,0.023312
58.9045,0.015920
58.9379,0.018961
58.9711,0.017631
59.0047,0.013525
59.0385,0.010477
59.0713,0.013037
59.1048,0.017575
59.1378,0.009820
59.1711,0.006257
59.2046,0.004234
59.2379,0.007197
59.2714,0.013053
59.3047,0.010066
59.3381,0.094024
59.3715,0.090745
59.4052,0.083737
59.4385,0.091020
59.4721,0.076013
59.5056,0.069271
59.5387,0.073916
59.5723,0.062075
59.6052,0.062687
59.6383,0.055993
59.6721,0.048726
59.7054,0.066446
59.7388,0.055439
59.7721,0.057519
59.8057,0.057241
59.8387,0.054014
59.8721,0.068510
59.9054,0.048418
59.9389,0.065161
59.9721,0.073082
60.0057,0.054514
60.0387,0.044795
60.0722,0.056385
60.1057,0.072099
60.1390,0.075568
60.1722,0.059101
60.2059,0.052620
60.2390,0.058217
60.2724,0.084256
60.3058,0.069679
60.3390,0.058240
60.3725,0.065421
60.4061,0.067766
60.4391,0.071568
60.4724,0.063175
60.5059,0.073285
60.5395,0.066351
60.5727,0.070216
60.6063,0.081689
60.6395,0.079210
60.6732,0.089008
60.7063,0.073423
60.7399,0.071799
60.7727,0.068795
60.8076,0.066358
60.8392,0.076150
60.8729,0.063892
60.9064,0.052996
60.9398,0.070375
60.9727,0.066323
61.0059,0.059908
61.0392,0.064359
61.0741,0.061812
61.1063,0.062303
61.1400,0.059903
61.1729,0.051343
61.2060,0.044716
61.2391,0.054076
61.2743,0.038456
61.3072,0.045332
61.3401,0.053592
61.3737,0.059301
61.4062,0.039865
61.4397,0.050385
61.4730,0.053057
61.5066,0.080672
61.5399,0.096068
61.5732,0.081548
61.6066,0.067727
61.6399,0.060994
61.6736,0.078183
61.7065,0.069933
61.7396,0.063291
61.7729,0.063943
61.8067,0.058264
61.8403,0.048326
61.8731,0.044841
61.9065,0.040226
61.9398,0.040774
61.9731,0.037378
62.0065,0.021542
62.0400,0.033399
62.0734,0.028965
62.1069,0.028535
62.1403,0.027381
62.1736,0.022417
62.2071,0.024470
62.2406,0.012343
62.2745,0.015577
62.3079,0.013346
62.3409,0.007278
62.3747,0.014009
62.4079,0.014657
62.4413,0.004558
62.4743,0.016301
62.5076,0.009531
62.5407,0.007682
62.5740,0.011967
62.6073,0.009696
62.6408,0.010284
62.6748,0.004752
62.7093,0.002958
62.7417,0.004766
62.7748,0.011110
62.8088,0.006413
62.8419,0.007227
62.8752,0.009948
62.9086,0.008431
62.9421,0.007444
62.9757,0.011287
63.0089,0.006691
63.0422,0.008178
63.0758,0.010191
63.1097,0.008458
63.1425,0.010008
63.1758,0.007364
63.2091,0.007047
63.2426,0.010687
63.2758,0.014801
63.3092,0.006681
63.3428,0.011653
63.3757,0.008475
63.4094,0.006450
63.4429,0.006939
63.4764,0.003402
63.5094,0.005283
63.5434,0.003801
63.5760,0.007273
63.6094,0.005324
63.6427,0.007568
63.6763,0.009809
63.7093,0.005228
63.7435,0.012373
63.7766,0.009554
63.8099,0.009960
63.8432,0.009503
63.8766,0.009625
63.9103,0.009210
63.9432,0.013422
63.9772,0.008590
64.0094,0.006767
64.0432,0.006769
64.0764,0.007197
64.1099,0.009213
64.1430,0.008782
64.1764,0.012007
64.2100,0.004662
64.2431,0.006848
64.2769,0.006602
64.3100,0.013837
64.3448,0.009705
64.3771,0.011636
64.4117,0.006581
64.4438,0.006185
64.4769,0.013379
64.5104,0.002772
64.5438,0.011681
64.5771,0.006304
64.6103,0.006251
64.6436,0.007135
64.6771,0.008089
64.7101,0.002455
64.7437,0.412088
64.7782,0.424568
64.8121,0.412445
64.8448,0.405026
64.8778,0.396067
64.9113,0.392526
64.9460,0.370303
64.9776,0.343440
65.0112,0.326203
65.0444,0.317595
65.0787,0.281502
65.1113,0.262705
65.1444,0.234978
65.1792,0.205394
65.2126,0.191502
65.2444,0.178226
65.2795,0.166526
65.3112,0.139548
65.3446,0.124479
65.3782,0.109121
65.4115,0.098810
65.4448,0.076672
65.4780,0.072587
65.5116,0.089043
65.5448,0.082835
65.5784,0.079029
65.6115,0.075093
65.6452,0.066865
65.6785,0.065654
65.7119,0.048685
65.7451,0.056037
65.7785,0.044711
65.8123,0.045822
65.8458,0.037714
65.8800,0.034016
65.9120,0.018089
65.9450,0.029237
65.9784,0.022755
66.0121,0.015747
66.0455,0.015473
66.0789,0.013551
66.1121,0.019528
66.1455,0.013727
66.1788,0.009119
66.2120,0.015169
66.2460,0.013755
66.2789,0.012727
66.3120,0.010712
66.3457,0.017866
66.3789,0.003439
66.4124,0.009304
66.4458,0.012985
66.4791,0.003545
66.5123,0.011649
66.5461,0.009318
66.5792,0.005538
66.6124,0.005483
66.6466,0.009801
66.6793,0.008421
66.7126,0.003984
66.7461,0.002873
66.7790,0.007770
66.8127,0.004720
66.8458,0.011784
66.8795,0.005399
66.9130,0.010980
66.9462,0.007882
66.9795,0.005467
67.0130,0.009121
67.0464,0.010208
67.0800,0.010464
67.1130,0.009232
67.1460,0.012613
67.1800,0.002200
67.2132,0.013502
67.2463,0.011419
67.2798,0.010096
67.3132,0.006549
67.3475,0.009251
67.3804,0.017699
67.4153,0.005436
67.4466,0.005933
67.4796,0.008043
67.5146,0.008450
67.5467,0.008341
67.5800,0.015389
67.6133,0.015330
67.6469,0.011244
67.6809,0.017573
67.7144,0.011010
67.7477,0.012046
67.7806,0.008422
67.8159,0.013360
67.8481,0.007148
67.8813,0.005336
67.9146,0.003415
67.9481,0.269532
67.9809,0.265080
68.0148,0.259027
68.0479,0.262908
68.0813,0.254410
68.1147,0.244035
68.1487,0.255555
68.1816,0.255966
68.2147,0.243034
68.2487,0.224753
68.2817,0.217116
68.3152,0.212120
68.3482,0.184952
68.3833,0.180857
68.4154,0.169478
68.4491,0.146880
68.4816,0.139381
68.5157,0.129448
68.5487,0.124725
68.5823,0.104992
68.6158,0.106148
68.6491,0.095293
68.6824,0.088650
68.7158,0.074148
68.7493,0.068817
68.7824,0.058206
68.8177,0.046101
68.8502,0.047739
68.8821,0.036479
68.9157,0.043039
68.9500,0.038337
68.9823,0.026796
69.0157,0.037403
69.0495,0.039246
69.0826,0.021593
69.1153,0.027496
69.1485,0.026136
69.1818,0.020747
69.2150,0.012386
69.2484,0.020118
69.2822,0.012768
69.3152,0.018761
69.3487,0.007516
69.3822,0.004966
69.4154,0.014223
69.4490,0.006299
69.4825,0.016716
69.5152,0.009655
69.5492,0.016720
69.5829,0.009492
69.6155,0.006171
69.6491,0.016923
69.6825,0.014719
69.7158,0.069910
69.7488,0.073131
69.7817,0.063651
69.8159,0.068071
69.8494,0.068523
69.8828,0.073121
69.9161,0.058870
69.9495,0.065026
69.9828,0.066082
70.0162,0.060834
70.0496,0.051105
70.0827,0.060988
70.1163,0.046268
70.1495,0.056816
70.1830,0.058089
70.2164,0.044107
70.2496,0.062577
70.2831,0.056801
70.3163,0.038123
70.3497,0.053053
70.3831,0.055360
70.4161,0.067873
70.4498,0.067548
70.4831,0.050138
70.5166,0.062307
70.5496,0.060998
70.5831,0.066777
70.6160,0.062864
70.6497,0.074433
70.6831,0.061371
70.7166,0.058041
70.7501,0.050038
70.7831,0.072217
70.8167,0.070063
70.8497,0.068557
70.8834,0.080069
70.9167,0.072429
70.9502,0.075640
70.9834,0.077123
71.0167,0.068884
71.0501,0.058168
71.0836,0.086420
71.1176,0.080624
71.1502,0.079666
71.1837,0.073356
71.2169,0.065023
71.2501,0.054749
71.2832,0.061949
71.3163,0.071301
71.3513,0.066996
71.3834,0.065734
71.4166,0.073712
71.4508,0.073308
71.4841,0.057343
71.5169,0.057831
71.5509,0.062579
71.5839,0.056213
71.6172,0.051482
71.6507,0.043810
71.6843,0.052653
71.7176,0.050099
71.7507,0.048003
71.7842,0.035702
71.8176,0.048966
71.8511,0.046158
71.8841,0.046796
71.9178,0.051477
71.9509,0.046975
71.9839,0.055584
72.0178,0.101819
72.0511,0.078052
72.0845,0.063020
72.1177,0.060733
72.1516,0.076595
72.1847,0.064181
72.2183,0.065106
72.2516,0.060379
72.2848,0.054384
72.3185,0.052597
72.3519,0.040411
72.3846,0.041457
72.4181,0.035797
72.4515,0.025757
72.4844,0.030512
72.5186,0.026306
72.5514,0.032626
72.5852,0.029780
72.6187,0.025524
72.6516,0.025174
72.6851,0.024141
72.7188,0.011149
72.7519,0.026010
72.7852,0.017124
72.8188,0.019122
72.8530,0.011800
72.8853,0.011545
72.9189,0.019111
72.9522,0.020345
72.9858,0.010474
73.0188,0.002102
73.0524,0.011521
73.0860,0.005623
73.1193,0.019646
73.1526,0.011429
73.1856,0.007168
73.2190,0.011858
73.2527,0.009655
73.2858,0.012330
73.3192,0.014143
73.3527,0.009627
73.3859,0.008319
73.4192,0.005073
73.4526,0.006646
73.4862,0.010525
73.5199,0.004155
73.5532,0.008126
73.5865,0.010836
73.6195,0.004854
73.6532,0.005806
73.6877,0.006414
73.7201,0.008618
73.7534,0.006588
73.7865,0.007499
73.8200,0.002767
73.8535,0.006884
73.8865,0.009012
73.9199,0.008284
73.9535,0.004349
73.9866,0.013981
74.0197,0.003944
74.0531,0.008167
74.0869,0.002863
74.1202,0.008684
74.1535,0.005414
74.1866,0.005528
74.2210,0.003326
74.2534,0.007964
74.2866,0.008389
74.3197,0.009092
74.3535,0.007744
74.3865,0.012548
74.4198,0.007822
74.4529,0.012610
74.4865,0.012733
74.5200,0.011546
74.5532,0.007203
74.5865,0.002529
74.6206,0.007411
74.6535,0.011130
74.6865,0.013255
74.7200,0.010026
74.7532,0.003757
74.7867,0.004492
74.8200,0.007431
74.8535,0.009998
74.8864,0.012588
74.9204,0.009802
74.9537,0.008194
74.9872,0.003773
75.0205,0.005705
75.0539,0.009266
75.0872,0.007956
75.1206,0.013890
75.1539,0.011713
75.1873,0.007390
75.2207,0.014511
75.2542,0.008705
75.2874,0.404941
75.3206,0.418004
75.3543,0.406570
75.3875,0.398327
75.4207,0.375849
75.4542,0.370757
75.4875,0.352994
75.5210,0.346013
75.5543,0.319512
75.5878,0.292905
75.6211,0.270294
75.6542,0.246639
75.6879,0.214541
75.7212,0.186534
75.7544,0.183660
75.7880,0.162046
75.8213,0.138549
75.8547,0.134098
75.8880,0.104893
75.9214,0.104896
75.9547,0.085573
75.9881,0.079383
76.0214,0.074083
76.0548,0.065487
76.0883,0.059816
76.1215,0.058523
76.1550,0.051680
76.1882,0.043478
76.2212,0.039350
76.2550,0.032959
76.2893,0.039146
76.3215,0.034817
76.3549,0.030924
76.3886,0.030419
76.4238,0.032608
76.4573,0.019863
76.4903,0.016626
76.5232,0.017839
76.5568,0.010253
76.5895,0.012945
76.6237,0.020152
76.6566,0.004063
76.6903,0.009973
76.7238,0.020639
76.7568,0.015330
76.7900,0.010774
76.8237,0.008590
76.8570,0.011041
76.8906,0.016839
76.9243,0.007270
76.9565,0.010562
76.9904,0.010403
77.0236,0.002431
77.0575,0.008037
77.0909,0.013119
77.1238,0.006515
77.1577,0.010613
77.1914,0.006251
77.2254,0.008239
77.2580,0.008663
77.2909,0.007746
77.3250,0.010111
77.3580,0.014467
77.3926,0.008495
77.4244,0.009575
77.4582,0.004623
77.4911,0.007273
77.5242,0.010709
77.5586,0.009452
77.5916,0.010434
77.6246,0.002921
77.6590,0.011228
77.6918,0.006798
77.7248,0.008710
77.7576,0.008933
77.7916,0.001845
77.8249,0.012977
77.8577,0.002584
77.8913,0.006062
77.9248,0.003083
77.9584,0.012620
77.9922,0.006062
78.0258,0.014798
78.0582,0.007036
78.0918,0.007256
78.1257,0.005453
78.1588,0.008151
78.1921,0.006616
78.2258,0.008122
78.2585,0.004396
78.2921,0.009503
78.3254,0.011502
78.3590,0.236945
78.3926,0.231585
78.4266,0.227222
78.4591,0.234522
78.4921,0.230300
78.5257,0.216530
78.5593,0.214712
78.5928,0.216350
78.6264,0.209164
78.6596,0.199823
78.6924,0.189995
78.7257,0.169325
78.7593,0.151720
78.7929,0.163940
78.8268,0.159666
78.8610,0.137060
78.8946,0.135393
78.9263,0.111770
78.9591,0.100175
78.9934,0.115797
79.0263,0.111367
79.0590,0.095509
79.0931,0.071565
79.1273,0.082199
79.1601,0.065852
79.1932,0.067504
79.2266,0.065140
79.2601,0.050988
79.2936,0.054463
79.3265,0.042232
79.3595,0.037579
79.3929,0.037290
79.4264,0.028413
79.4600,0.032507
79.4927,0.022670
79.5285,0.020035
79.5602,0.025841
79.5934,0.017348
79.6269,0.025451
79.6605,0.018622
79.6943,0.007343
79.7270,0.008632
79.7605,0.015885
79.7938,0.007066
79.8271,0.011371
79.8600,0.006396
79.8945,0.013327
79.9271,0.014730
79.9605,0.012010
79.9936,0.011077
80.0271,0.003989
80.0603,0.009512
80.0941,0.007249
80.1273,0.007298
80.1600,0.001936
80.1939,0.004812
80.2269,0.006096
80.2604,0.074516
80.2938,0.068953
80.3279,0.071062
80.3611,0.073265
80.3943,0.071001
80.4280,0.075824
80.4604,0.074726
80.4943,0.058511
80.5277,0.055984
80.5611,0.059977
80.5943,0.053246
80.6276,0.051201
80.6612,0.051035
80.6943,0.047505
80.7276,0.047355
80.7612,0.057227
80.7967,0.064864
80.8278,0.064747
80.8613,0.060035
80.8947,0.053909
80.9284,0.053798
80.9615,0.076834
80.9947,0.073632
81.0284,0.064370
81.0615,0.072139
81.0968,0.073116
81.1304,0.060956
81.1616,0.063828
81.1951,0.061494
81.2301,0.059424
81.2619,0.077385
81.2956,0.078072
81.3303,0.076341
81.3617,0.071095
81.3959,0.071485
81.4285,0.067165
81.4633,0.074782
81.4956,0.062155
81.5289,0.070404
81.5623,0.064982
81.5972,0.077162
81.6290,0.081108
81.6621,0.057017
81.6959,0.071081
81.7287,0.062538
81.7621,0.078929
81.7960,0.080080
81.8292,0.069709
81.8626,0.059057
81.8963,0.069873
81.9303,0.062563
81.9630,0.051247
81.9971,0.057808
82.0294,0.056732
82.0641,0.058289
82.0962,0.065765
82.1303,0.038461
82.1623,0.053716
82.1959,0.048414
82.2295,0.055501
82.2625,0.060240
82.2961,0.042616
82.3312,0.057400
82.3623,0.038023
82.3963,0.056254
82.4294,0.064207
82.4629,0.059879
82.4971,0.082005
82.5299,0.073774
82.5626,0.061921
82.5962,0.067376
82.6300,0.064941
82.6633,0.060224
82.6961,0.061527
82.7295,0.072221
82.7631,0.051356
82.7968,0.054219
82.8300,0.046975
82.8636,0.042557
82.8971,0.039186
82.9297,0.041009
82.9638,0.033046
82.9970,0.027626
83.0299,0.032166
83.0633,0.024435
83.0968,0.020739
83.1299,0.017325
83.1634,0.026263
83.1973,0.020910
83.2305,0.014218
83.2633,0.009030
83.2972,0.017136
83.3302,0.017705
83.3641,0.010199
83.3973,0.003781
83.4309,0.005888
83.4638,0.009108
83.4977,0.011179
83.5309,0.007411
83.5643,0.006271
83.5978,0.007329
83.6310,0.013266
83.6645,0.009005
83.6972,0.011685
83.7310,0.011097
83.7641,0.008848
83.7980,0.003487
83.8311,0.007364
83.8645,0.009785
83.8976,0.007691
83.9308,0.006224
83.9649,0.014183
83.9975,0.007200
84.0311,0.010384
84.0649,0.007706
84.0979,0.004581
84.1316,0.005820
84.1643,0.007542
84.1977,0.007243
84.2314,0.003730
84.2646,0.002943
84.2981,0.011805
84.3321,0.006331
84.3650,0.011367
84.3981,0.007331
84.4320,0.007592
84.4652,0.007874
84.4999,0.012950
84.5305,0.011412
84.5645,0.012132
84.5977,0.009345
84.6306,0.009233
84.6641,0.008192
84.6974,0.007213
84.7309,0.006173
84.7649,0.006028
84.7974,0.005327
84.8315,0.013747
84.8644,0.008312
84.8977,0.010910
84.9311,0.003182
84.9646,0.008739
84.9981,0.003895
85.0312,0.012555
85.0646,0.013221
85.0981,0.010410
85.1317,0.011756
85.1649,0.005043
85.1981,0.011611
85.2314,0.005132
85.2650,0.005643
85.2985,0.010530
85.3313,0.008990
85.3645,0.007153
85.3984,0.002752
85.4317,0.006739
85.4655,0.002365
85.4985,0.008885
85.5317,0.005625
85.5649,0.007642
85.5983,0.007652
85.6316,0.007335
85.6648,0.007285
85.6982,0.002233
85.7319,0.013014
85.7651,0.010747
85.7985,0.399203
85.8320,0.412551
85.8666,0.403550
85.8984,0.403435
85.9320,0.376669
85.9654,0.365755
85.9990,0.346179
86.0322,0.333030
86.0655,0.309496
86.0989,0.292515
86.1322,0.263403
86.1654,0.229750
86.1992,0.215543
86.2323,0.189350
86.2656,0.166615
86.2991,0.151009
86.3322,0.137431
86.3656,0.129371
86.3992,0.108209
86.4323,0.101155
86.4657,0.090594
86.4993,0.091256
86.5324,0.080841
86.5655,0.069254
86.5989,0.056545
86.6328,0.056401
86.6656,0.048599
86.6992,0.045084
86.7325,0.042786
86.7659,0.039151
86.7993,0.037060
86.8326,0.014804
86.8658,0.024777
86.8993,0.036083
86.9327,0.016437
86.9660,0.022823
86.9997,0.024415
87.0328,0.018269
87.0665,0.012340
87.0996,0.006686
87.1331,0.017613
87.1662,0.013051
87.2000,0.021766
87.2330,0.013198
87.2665,0.007311
87.2997,0.007037
87.3332,0.009071
87.3665,0.016157
87.3997,0.004993
87.4332,0.003780
87.4665,0.014015
87.5001,0.005799
87.5334,0.011599
87.5667,0.008472
87.6001,0.003830
87.6334,0.007688
87.6667,0.011027
87.7002,0.002604
87.7336,0.008563
87.7666,0.007040
87.7996,0.005291
87.8337,0.005531
87.8669,0.013101
87.9005,0.007968
87.9336,0.005651
87.9672,0.008156
88.0006,0.007996
88.0332,0.006671
88.0671,0.007989
88.0995,0.009281
88.1329,0.006185
88.1668,0.005402
88.1998,0.012143
88.2332,0.006317
88.2675,0.006782
88.3004,0.008684
88.3335,0.001710
88.3675,0.009063
88.4006,0.007848
88.4338,0.004030
88.4674,0.003583
88.5004,0.005879
88.5334,0.012433
88.5667,0.015974
88.6002,0.009302
88.6334,0.015618
88.6669,0.011694
88.7001,0.004986
88.7338,0.226773
88.7671,0.231595
88.8002,0.222552
88.8337,0.215251
88.8672,0.223257
88.9009,0.210942
88.9344,0.200900
88.9674,0.195298
89.0015,0.183500
89.0344,0.166886
89.0681,0.162311
89.1016,0.158113
89.1352,0.150930
89.1681,0.129385
89.2019,0.125974
89.2350,0.111730
89.2685,0.118365
89.3019,0.123845
89.3354,0.117243
89.3682,0.099077
89.4021,0.113641
89.4352,0.109477
89.4689,0.114454
89.5022,0.090268
89.5356,0.094386
89.5688,0.083397
89.6023,0.072534
89.6357,0.064837
89.6695,0.054802
89.7027,0.052058
89.7360,0.052629
89.7691,0.040753
89.8027,0.037710
89.8355,0.036645
89.8691,0.030673
89.9030,0.034140
89.9361,0.026233
89.9695,0.025859
